1244448000|Premiär: Kompisar från förr |pangprego-20090608-218.mp3|Idag är det premiär för Kompisar från förr.|http://sverigesradio.se/SR_p3_pangprego_090608100040.mp3|
1244620800|Kompisar från förr program 1 Människor som gått till överdrift 2009-06-10 kl. 10.00|pangprego-20090610-219.mp3|Humorprogram där varje program handlade om en lyssnare. Från 2007-2010. Pang Prego släpper inte längre nya avsnitt.|http://sverigesradio.se/SR_p3_pangprego_090610100826.mp3|
1244995200|Kompisar från förr |pangprego-20090614-220.mp3|Humorprogram där varje program handlade om en lyssnare. Från 2007-2010. Pang Prego släpper inte längre nya avsnitt.|http://sverigesradio.se/SR_p3_pangprego_090614060023.mp3|
1245081600|Kompisar från förr program 3 Udda yrken 2009-06-15 kl. 18.00|pangprego-20090615-221.mp3|Humorprogram där varje program handlade om en lyssnare. Från 2007-2010. Pang Prego släpper inte längre nya avsnitt.|http://sverigesradio.se/SR_p3_pangprego_090615060019.mp3|
1245600000|Kompisar från förr pgm 4 090621 podd 2009-06-21 kl. 18.00|pangprego-20090621-222.mp3|Humorprogram där varje program handlade om en lyssnare. Från 2007-2010. Pang Prego släpper inte längre nya avsnitt.|http://sverigesradio.se/SR_p3_pangprego_090621060019.mp3|
1245686400|Kompisar från förr Människor med hår 090622 2009-06-22 kl. 18.00|pangprego-20090622-223.mp3|Humorprogram där varje program handlade om en lyssnare. Från 2007-2010. Pang Prego släpper inte längre nya avsnitt.|http://sverigesradio.se/SR_p3_pangprego_090622060033.mp3|
1246204800|Kompisar från förr program 6  Människor med djur 2009-06-28 2009-06-28 kl. 18.00|pangprego-20090628-224.mp3|Humorprogram där varje program handlade om en lyssnare. Från 2007-2010. Pang Prego släpper inte längre nya avsnitt.|http://sverigesradio.se/SR_p3_pangprego_090628060014.mp3|
1246291200|Kompisar från förr program 7 Människor med mat 090629 2009-06-29 kl. 18.00|pangprego-20090629-225.mp3|Humorprogram där varje program handlade om en lyssnare. Från 2007-2010. Pang Prego släpper inte längre nya avsnitt.|http://sverigesradio.se/SR_p3_pangprego_090629060013.mp3|
1246809600|Kompisar från förr program 8 Böcker du inte behöver släpa ut till hängmattan 2009-07-05 kl. 18.00|pangprego-20090705-226.mp3|Humorprogram där varje program handlade om en lyssnare. Från 2007-2010. Pang Prego släpper inte längre nya avsnitt.|http://sverigesradio.se/SR_p3_pangprego_090705060037.mp3|
1246809600|Kompisar från förr program 8 Böcker du inte behöver släpa ut till hängmattan 2009-07-05 kl. 18.00|pangprego-20090705-227.mp3|Humorprogram där varje program handlade om en lyssnare. Från 2007-2010. Pang Prego släpper inte längre nya avsnitt.|http://sverigesradio.se/SR_p3_pangprego_090705060010.mp3|
1246896000|Kompisar från förr Människor som har haft fel program 9 2009-07-06 kl. 18.00|pangprego-20090706-228.mp3|Humorprogram där varje program handlade om en lyssnare. Från 2007-2010. Pang Prego släpper inte längre nya avsnitt.|http://sverigesradio.se/SR_p3_pangprego_090706060007.mp3|
1247414400|Kompisar från förr Människor som hänger ihop 20090712 2009-07-12 kl. 18.00|pangprego-20090712-229.mp3|Humorprogram där varje program handlade om en lyssnare. Från 2007-2010. Pang Prego släpper inte längre nya avsnitt.|http://sverigesradio.se/SR_p3_pangprego_090712060006.mp3|
1247572800|Funky Town 2009-07-13 2009-07-14 kl. 14.00|pangprego-20090714-230.mp3|P3:s nya flaggcrepe, P1 i P3, eller Den riktiga radiohjälpen. Med Josefin och Kringlan!|http://sverigesradio.se/SR_p3_pangprego_090714020803.mp3|
1248181200|Funky Town 2009-07-19 2009-07-21 kl. 15.00|pangprego-20090721-231.mp3|Sveriges radios, ja, hela Sveriges eget hjälpprogram. Jossan och Kringlan sänder radio som om det fanns en morgondag.|http://sverigesradio.se/SR_p3_pangprego_090721030103.mp3|
1248184800|Funky Town 2009-07-20 2009-07-21 kl. 16.00|pangprego-20090721-232.mp3|Sveriges radios flaggcrepe. Hör radio, som du bara hört teve förut. Med katten Kringlan och tjejen Josefin!|http://sverigesradio.se/SR_p3_pangprego_090721040124.mp3|
1248184800|Funky Town 2009-07-20 2009-07-21 kl. 16.00|pangprego-20090721-233.mp3|Sveriges radios flaggcrepe. Hör radio, som du bara hört teve förut. Med katten Kringlan och tjejen Josefin!|http://sverigesradio.se/SR_p3_pangprego_090721040102.mp3|
1248782400|Funky Town 2009-07-26 2009-07-28 kl. 14.00|pangprego-20090728-234.mp3|Radioprogrammet som aldrig tar slut. Kringlan med sin blotta existens bjuder upp till hån och Jossan nappar. God lyssning, kära, kära ni.|http://sverigesradio.se/SR_p3_pangprego_090728020059.mp3|
1248786000|Funky Town 2009-07-27 2009-07-28 kl. 15.00|pangprego-20090728-235.mp3|Programmet som lika gärna kunde fått heta "Firma Grunden Boys", "Damernas värld", eller "Fråga vår advokat". För klarhet i detta, rekommenderar vi att du laddar hem podden och lyssnar på den. Josefin och Kringlan pratar oavbrutet!|http://sverigesradio.se/SR_p3_pangprego_090728030109.mp3|
1249383600|Funky Town 2009-08-02 2009-08-04 kl. 13.00|pangprego-20090804-236.mp3|Hör Sveriges Radios främsta och sämsta programledare i ett och samma program! Jossan tar er i hand och leder er motströms, medan Kringlan förstör. God lyssning.|http://sverigesradio.se/SR_p3_pangprego_090804010020.mp3|
1249387200|Funky Town 2009-08-04 2009-08-04 kl. 14.00|pangprego-20090804-237.mp3|Programet som aldrig borde fått sändas!!!|http://sverigesradio.se/SR_p3_pangprego_090804020020.mp3|
1249815600|Funky Town 2009-08-09 2009-08-09 kl. 13.00|pangprego-20090809-238.mp3|Funky Town blir Den Stora Tomheten för en dag. Det får nästan inte missas!|http://sverigesradio.se/SR_p3_pangprego_090810122218.mp3|
1249912800|Funky Town 2009-08-10 2009-08-10 kl. 16.00|pangprego-20090810-239.mp3|Funky Town blir (slash startar insamlingen) Ge en sol till jordens barn. Ett program som (nästan) helt går i altruismens tecken!|http://sverigesradio.se/SR_p3_pangprego_090811035236.mp3|
1250416800|Funky Town 2009-08-16 2009-08-16 kl. 12.00|pangprego-20090816-240.mp3|I det sista Funky Town åker Josefin och Kringlan till ett nytt ställe. De visar upp en rad nya namn på Unescos världsarvslista och räds inte Granskningsnämnden.|http://sverigesradio.se/SR_p3_pangprego_090819112336.mp3|
