1177502400|Pang Prego 2007-04-22 - Amanda Roos program|pangprego-20070425-002.mp3|Amanda Roos program! Om insertknappen, Teliapappan, Lustgården, Orups ryktesspridning om sig själv, andra världskriget och Jespers semester. Bland mycket annat.|http://sverigesradio.se/sr_p3_pangprego_070425120020.mp3|
1177502400|Pang Prego 2007-04-23 - Johan Franzéns program|pangprego-20070425-003.mp3|Johan Franzéns program! Om Jesus, påvar, kristendom, sierskan Solbritt (Saidas dotter!), solskydd och rullgardiner.|http://sverigesradio.se/sr_p3_pangprego_070425120026.mp3|
1178110800|Pang Prego 2007-04-30 - Lina Åströms program|pangprego-20070502-004.mp3|Lina Åströms program! Om bl.a. åldersgränser, GES, Spice Girls, Jespers underläpp och Victoriafonden.|http://sverigesradio.se/sr_p3_pangprego_070502010016.mp3|
1178110800|Pang Prego 2007-04-29 - Johan Fägers program|pangprego-20070502-005.mp3|Johan Fägers program om bla Elgiganten, hur man säger apa i olika länder och om hur jobbigt det kan vara att bygga ett pepparkakshus.|http://sverigesradio.se/sr_p3_pangprego_070502010011.mp3|
1178715600|Pang Prego 2007-05-06 - Victoria Ringsmoses program|pangprego-20070509-006.mp3|Victoria Ringsmoses program! Om bland annat mögel, Gustav III krigsstrategi, nice price baronen och ett dubbelavsnitt om den kosmologiska konstanten.|http://sverigesradio.se/sr_p3_pangprego_070509010024.mp3|
1178719200|Pang Prego 2007-05-07 - David Johanssons program|pangprego-20070509-007.mp3|David Johanssons program! Om bland annat bergsmannen Ötzi, uttagningen till Pussycat dolls och om hur Christer Fuglesangs huvud blev så stort.|http://sverigesradio.se/sr_p3_pangprego_070509020024.mp3|
1179316860|Pang Prego 2007-05-14 - Liv Anderssons program|pangprego-20070516-008.mp3|Liv Anderssons program! om bla bokbål, Bob Hansson, snygg naken och om hur det är att heta Liv.|http://sverigesradio.se/sr_p3_pangprego_070516120043.mp3|
1179316860|Pang Prego 2007-05-13 - Björn Österlinds program|pangprego-20070516-009.mp3|Björn Österlinds program! om bla 1700tals mat, bananasplit, Beatles och saker vi mutat till oss.|http://sverigesradio.se/sr_p3_pangprego_070516120035.mp3|
1179921660|Pang Prego 2007-05-21 - Rebecca Goldie Löwys|pangprego-20070523-010.mp3|Rebecca Goldie Löwys program om bland annat Mellanösternkonflikten, tidigare liv och LaGaylia Frazier.|http://sverigesradio.se/sr_p3_pangprego_070523120047.mp3|
1179925260|Pang Prego 2007-05-20 - Hannes Laurins program!|pangprego-20070523-011.mp3|Hannes Laurins program! Om bl.a. att vara mänsklig sköld, kärnfria vindruvor, polishästar och Hasse Aros dotter Europa Aro.|http://sverigesradio.se/sr_p3_pangprego_070523010045.mp3|
1180530060|Pang Prego 2007-05-27 - Sandra Norlings program!|pangprego-20070530-012.mp3|Sandra Norlings program! om bla gamla uttryck, Wallmans, Sveriges svar på Beastie Boys och Papua Nya Guinea|http://sverigesradio.se/sr_p3_pangprego_070530010054.mp3|
1180537260|Pang Prego 2007-05-28 - Martin Stafströms program!|pangprego-20070530-013.mp3|Martin Stafströms program! om bla Agneta Sjödins humor, artister som låter som Barney och månlandningen|http://sverigesradio.se/sr_p3_pangprego_070530030055.mp3|
1181131260|Pang Prego 2007-06-03 - Daniel Brandts program!|pangprego-20070606-014.mp3|Daniel Brandts program! om bla evigt liv, dåliga föratagsnamn och Gudrun Sjödens blogg|http://sverigesradio.se/sr_p3_pangprego_070606120052.mp3|
1181131260|Pang Prego 2007-06-04 - Hanna Samlins program!|pangprego-20070606-015.mp3|Hanna Samlins program! om bla Posten, Chile och Mikael Wiehes mellanmål|http://sverigesradio.se/sr_p3_pangprego_070606120056.mp3|
1181736060|Pang Prego 2007-06-11 - Emil Palms program!|pangprego-20070613-016.mp3|Emil Palms program! Där redaktionen hjälper dig hitta rätt gymnasielinje, hitta rätt på Hultsfredsfestivalen samt hitta den rätte på Hultsfredsfestivalen.|http://sverigesradio.se/sr_p3_pangprego_070613120038.mp3|
1181736060|Pang Prego 2007-06-10 - Hanna Carléns program!|pangprego-20070613-017.mp3|Hanna Carléns program! Som avhandlar vem som är rundast av Darin, Sebastian och Måns Zelmerlöw, vad egentligen Carl-Philips flickvän Emma Pernald hade för sig i ungdomen samt dito om Tycho Brahe.|http://sverigesradio.se/sr_p3_pangprego_070613120031.mp3|
1182340920|Pang Prego 2007-06-18 - Ingen Särskilds program!|pangprego-20070620-018.mp3|Ingen Särskilds program! om Måns Zelmerlöfs deppiga låt, Hultsfredstävlingen och vad som hände när Leif Pagrotsky besökte oss i tältet!|http://sverigesradio.se/sr_p3_pangprego_070620120155.mp3|
1182344460|Pang Prego 2007-06-17 - Jasmin Holländers program!|pangprego-20070620-019.mp3|Jasmin Holländers program! där vi spelar upp delar ur Billy Butts nya musikal, undrar hur det är att Dreija med Dreijers och ringer till Holland för att bevisa att det är lätt språk att förstå.|http://sverigesradio.se/sr_p3_pangprego_070620010056.mp3|
1182945660|Pang Prego 2007-06-25 - Erik Samuelssons program!|pangprego-20070627-020.mp3|Erik Samuelssons program! med temat Östtyskland där vi pratar om Eva Braun, Magda Goebbels, Lutz Schwerin vom Krosigk, Kaiser Willhelm och avslutar med en sång om Mauro Scoccos vänner Heinz och Pierre.|http://sverigesradio.se/sr_p3_pangprego_070627120102.mp3|
1182945660|Pang Prego 2007-06-24 - Anna Fredrikssons program!|pangprego-20070627-021.mp3|Anna Fredrikssons program! om bland annat varför påvar måste sitta på en stol med hål i, om patentverketsefternamnsförslag och så tar vi reda på vad det billigaste som finns är för något.|http://sverigesradio.se/sr_p3_pangprego_070627120055.mp3|
1183550460|Pang Prego 2007-06-01 - Tomb Svalborgs program!|pangprego-20070704-022.mp3|Tomb Svalborgs program! Om bland annat allt som nördar gillar, det vill säga Narnia, Star Trek, Bitpop och Svalbard.|http://sverigesradio.se/sr_p3_pangprego_070704120044.mp3|
1183550460|Pang Prego 2007-07-02 - Frida Samuelssons program!|pangprego-20070704-023.mp3|Frida Samuelssons program! om bla på vilket avstånd man är snyggast, vad skillnaden är på hud och hy och så korar vi Sveriges sämsta maskeraddräkt!|http://sverigesradio.se/sr_p3_pangprego_070704120049.mp3|
1184171160|Pang Prego 2007-07-08 - Sofi Gregersdotters program!|pangprego-20070711-024.mp3|Sofi Gregersdotters program! Om att uttrycka sig med sin klädsel (även om man har penisfodral), att ljuga om sitt namn, tuggummi och så har den nye killen i Pang Prego tagit över.|http://sverigesradio.se/sr_p3_pangprego_070711042612.mp3|
1184171160|Pang Prego 2007-07-09 - Sandra Frimans program!|pangprego-20070711-025.mp3|Sandra Frimans program! Om bland annat hur träd, morot och purjo växer, Jespers semester, joddel och hur det går till när Pang Prego badar.|http://sverigesradio.se/sr_p3_pangprego_070711042608.mp3|
1184760000|Pang Prego 2007-07-15 - Joel Josefssons program|pangprego-20070718-026.mp3|Pang Prego Joel Josefssons program. Vem mobbar vem i Startrek? Stockholm livare och Last Christmasvideon|http://sverigesradio.se/sr_p3_pangprego_070718120022.mp3|
1184760060|Pang Prego 2007-07-16 - Emil Silvferbergs program|pangprego-20070718-027.mp3|Pang Prego Emil Silvferbergs program. Om Harry Potter, logiska luckor och busringningar.|http://sverigesradio.se/sr_p3_pangprego_070718120029.mp3|
1185368460|Pang Prego 2007-07-22 - Niclas Sjökvist program|pangprego-20070725-028.mp3|Detta är 18-åriga Niclas Pang Prego: som på hans begäran kommer innehålla kebab, kirurgi och att håna Japan.|http://sverigesradio.se/sr_p3_pangprego_070725010039.mp3|
1185368700|Pang Prego 2007-07-23 - Emilys program|pangprego-20070725-029.mp3|Emilys program! Emily är beroende av både nässpray och Coca Cola, men bara lite halv-hooked på Sjunde Himlen. Annars funderar hon mycket på livsfrågor i stil med "Var får sniglar sina skal ifrån?" Liv på redaktionen tror att det är som en slags jättelång nagel som växer från snigelns röv, medan Freja tror att sniglarna stjäl sina skal från eremitkräftor. Vet du? Maila Pang Prego|http://sverigesradio.se/sr_p3_pangprego_070725010439.mp3|
1185969600|Pang Prego 2007-07-30 - Bella Svenssons program!|pangprego-20070801-030.mp3|Bella Svenssons program! Om bland annat vad du inte skulle göra för pengar, brunbjörnen och Björn Afzelius.|http://sverigesradio.se/sr_p3_pangprego_070801120006.mp3|
1186056000|Pang Prego 2007-07-29 - Ellen Karlssons program!|pangprego-20070802-031.mp3|Ellen Karlssons program! Om bland annat RisiFrutti kontra rökning, sol-och-vårare och att humor har gått och blivit inne.|http://sverigesradio.se/sr_p3_pangprego_070802120027.mp3|
1186574460|Pang Prego 2007-08-05 - Karin Danielssons program!|pangprego-20070808-032.mp3|Karin Danielsson program! Om bland annat Jesper och Josefins semester, bröllopsförbedelser: toalettkorg fylld eller inte? Samt om de olika venusbergen och den nyuppfunna marskratern.|http://sverigesradio.se/sr_p3_pangprego_070808120033.mp3|
1186574460|Pang Prego 2007-08-06 - Kristoffer Jönsson program!|pangprego-20070808-033.mp3|Kristoffer Jönssons program! Om bland annat idioter vid datorn, Hööks-katalogen, Kaspar Hauser och Rhapsody in Rock.|http://sverigesradio.se/sr_p3_pangprego_070808120039.mp3|
1187190180|Pang Prego 2007-08-12 - Kristian Hallbergs program|pangprego-20070815-034.mp3|ristian Hallbergs program om psalmvisor, vilda västern och Arnfilmen. Medverkande: Jesper Rönndahl, Simon Svensson, Josefin Johansson|http://sverigesradio.se/sr_p3_pangprego_070815030244.mp3|
1187193660|Pang Prego 2007-08-13 - Daniel Asplunds program!|pangprego-20070815-035.mp3|Daniel Asplunds program! Om bl.a. Michael Faraday, miniräknare, en by som brunnit sedan 1962 och hur Simpsons låter på tyska.|http://sverigesradio.se/sr_p3_pangprego_070815040047.mp3|
1187791200|Pang Prego 2007-08-20 - Aleqzia B Cosmus Program|pangprego-20070822-036.mp3|Pang Prego Aleqzia B Cosmus Program om Klaus Kinski, Fisknamn och Emo|http://sverigesradio.se/sr_p3_pangprego_070822020011.mp3|
1187791200|Pang Prego 2007-08-19 - Emma Nilssons program|pangprego-20070822-037.mp3|Emma Nilssons program. Vad har Posh, J-Lo och katie Holmes gemensamt? Låter djuren i Astrid Lindgens värld verkligen som könssjukdomar?|http://sverigesradio.se/sr_p3_pangprego_070822020007.mp3|
1188392460|Pang Prego 2007-08-26 - Lyras program!|pangprego-20070829-038.mp3|Pang Prego 20070826 Lyras program! om bla radiocollage, vad som är roligast av elak och snäll humor, varför det är så poppis att fika och så en psalm om glanspenis.|http://sverigesradio.se/sr_p3_pangprego_070829010101.mp3|
1188392460|Pang Prego 2007-08-27 - Jörgens program!|pangprego-20070829-039.mp3|Pang Prego 20070827 Jörgens program! Om bla barbapappa, vem Jesper är lik i family guy, den lilla krabaten fästingen och märkliga allmejl.|http://sverigesradio.se/sr_p3_pangprego_070829010056.mp3|
1188993660|Pang Prego 2007-09-02 - Otto Rimfors program!|pangprego-20070905-040.mp3|Otto Rimfors program! Om bland annat alkohol-restriktioner på universitet, Harry Potter-motståndare, det fånigaste sättet att få sitt namn och en av de fånigaste namnen på böcker, nämligen börs-thrillern "Tyst partner" av Henrik P. Molin.|http://sverigesradio.se/sr_p3_pangprego_070905120041.mp3|
1189004460|Pang Prego 2007-09-03 - Maja Björks program!|pangprego-20070905-041.mp3|Maja Björks program! Om bland annat 90-talet. Eller egentligen bara om 90-talet. Alltså The Corrs, Litauen, Per Sinding-Larsen, modet i Norge, Mauro Scocco och Johannes Döparen. |http://sverigesradio.se/sr_p3_pangprego_070905030038.mp3|
1189616400|Pang Prego 2007-09-10 - Magne Fridhills program!|pangprego-20070912-042.mp3|Pang Prego Magne Fridhills program om bla Lars Winnerbäcks sängvanor, centerpartiet i rymden och hur man klarar teoriprovet.|http://sverigesradio.se/sr_p3_pangprego_070912050022.mp3|
1189684800|Pang Prego 2007-09-09 - Emil Forsbergs program!|pangprego-20070913-043.mp3|Emil Forsbergs program! Om bl.a. Jespers semester, Tomas Wiehes kryddmani, Kungens mellannamn och vad som föregick Dagen D.|http://sverigesradio.se/sr_p3_pangprego_070913120022.mp3|
1189684801|Pang Prego 2007-09-16 - Daniel Holméns program!|pangprego-20090527-215.mp3|Pang Prego Daniel Holméns program! Om bla auberginenäsor, alla älskar Raymond-Raymon, Grönlandsporr och den nya teveserien "Stormen"|saknas|
1190228040|Pang Prego 2007-09-17 - Tobias Malms program|pangprego-20070919-045.mp3|Tobias Malms program. Landvitsar, Etiopien, sång om Sumer mm.|http://sverigesradio.se/sr_p3_pangprego_070919065355.mp3|
1190808120|Pang Prego 2007-09-24 - Sippans program!|pangprego-20070926-046.mp3|Sippans program! med bla ostvitsar, hur man skriver en bok och Josefin säljer saker på tradera.|http://sverigesradio.se/sr_p3_pangprego_070926120144.mp3|
1190811660|Pang Prego 2007-09-23 - Helena Gustafssons program!|pangprego-20070926-047.mp3|Helena Gustafssons program! om bla gudinnemyter, hur det låter i Albaniens bergstrakter och om svensk populärmusiks hemmafru problem.|http://sverigesradio.se/sr_p3_pangprego_070926010043.mp3|
1191405600|Pang Prego 2007-09-30 - Kristoffer Bengtssons program!|pangprego-20071003-048.mp3|Kristoffer Bengtssons program! om bla hur alexander bards shorts sett ut genom tiderna, vilka fördomar som finns om Vitryssland och varför Lotta Engberg hade sönder en gräsklippare.|http://sverigesradio.se/SR_p3_pangprego_071003120043.mp3|
1191420000|Pang Prego 2007-10-01 - Eric Åbergs program!|pangprego-20071003-049.mp3|Eric Åbergs program! Om bland annat skådespelerskan Gunnel Fred, likheterna mellan Rederiet och Bibeln, nya Filmkrönikan och byteshandel i studion.|http://sverigesradio.se/SR_p3_pangprego_071003040042.mp3|
1192003200|Pang Prego 2007-10-07 - Katarina Nilsson|pangprego-20071010-050.mp3|Katarina Nilssons program! Om bl.a. Singstar, Thörnblom & Nyberg, Feng Shui och Ramses. Och så spelar vi Buzz!|http://sverigesradio.se/SR_p3_pangprego_071010100011.mp3|
1192010400|Pang Prego 2007-10-08 - Janna Ferreiras program!|pangprego-20071010-051.mp3|Janna Ferreiras program! Vi bjuder på festliga oneliners, ger tips på hur man kommunicerar med sig själv när känner sig ensam och så har vi fått loss soundtracket med ljudeffekterna till Star Trek! Detta firas. Dessutom: Hissmusik.|http://sverigesradio.se/SR_p3_pangprego_071010120013.mp3|
1192615200|Pang Prego 2007-10-14 - Oskar Eks program!|pangprego-20071017-052.mp3|Pang Prego 071014 Oskar Eks program! om bla reklam, tvillingar, hur det är att vara serietecknare och så får du följa med Pang Prego på klassvandring.|http://sverigesradio.se/SR_p3_pangprego_071017120007.mp3|
1192618800|Pang Prego 2007-10-15 - Rebecka Karlssons program!|pangprego-20071017-053.mp3|Pang Prego Rebeckan Karlssons program!  om bla prästen Ma Oftedal, subkulturvitsar, vad japanerna tycker om Hiro i Heroes och så får du veta hur det gick till när vi fick vår signatur.|http://sverigesradio.se/SR_p3_pangprego_071017010507.mp3|
1193220000|Pang Prego 2007-10-22 - Carl Svahns Program|pangprego-20071024-054.mp3|ang Prego Carl Svahns Program. Om idrottsföreningar, högvakten och sly|http://sverigesradio.se/SR_p3_pangprego_071024120005.mp3|
1193223600|Pang Prego 2007-10-21 - David Mirandas program!|pangprego-20071024-055.mp3|David Mirandas program! om bla hur många som minst bor i Trinidad och Tobago, vad pillret man tar efter dagen efter pillret heter och så hela Mormonernas historia.|http://sverigesradio.se/SR_p3_pangprego_071024010004.mp3|
1193832000|Pang Prego 2007-10-28 - Frank Arholds program!|pangprego-20071031-056.mp3|Frank Arholds program! Bl.a. om att inte skämta om Tyskland, att jobba med kundtjänst, och att lära sig svenska med hjälp av Lena Philipsson. Dessutom: Gustav II Adolf och makrill.|http://sverigesradio.se/SR_p3_pangprego_071031010019.mp3|
1193846400|Pang Prego 2007-10-29 - Henrik Engströms program!|pangprego-20071031-057.mp3|Henrik Engströms program!|http://sverigesradio.se/SR_p3_pangprego_071101011535.mp3|
1194429600|Pang Prego 2007-11-05 - Jonna Philipsson|pangprego-20071107-058.mp3|onna Philipssons program! Om bl.a. Mao Tse Tung, stenålderssex, Jesus lite sämre trix och utförsäljningen av Apoteket. Men också om bindor som luktar kamomill och Ivan den förskräcklige! Som inte luktade kamomill.|http://sverigesradio.se/SR_p3_pangprego_071107112414.mp3|
1194433200|Pang Prego 2007-11-04 - Stina Nyman|pangprego-20071107-059.mp3|Stina Nymans program! Om bl.a. Idoltjejerna, God-tube, tatueringar och troll-konstnärer.|http://sverigesradio.se/SR_p3_pangprego_071107120020.mp3|
1195038000|Pang Prego 2007-11-11 - Tobias Egerzons program|pangprego-20071114-060.mp3|Tobias Egerzons program, om b la liggande stolen, Gudd, Suicidal Tendencies och Asia (inte kontinenten, utan tjejen)|http://sverigesradio.se/SR_p3_pangprego_071114120100.mp3|
1195059600|Pang Prego 2007-11-12 - Hedvig Skirgårds program|pangprego-20071114-061.mp3|Hedvig Skirgårds program, som b la handlar om piraha, att återuppliva Hitler och en spännande bildtävling.|http://sverigesradio.se/SR_p3_pangprego_071114060055.mp3|
1195642800|Pang Prego 2007-11-19 - Johan Anderssons program!|pangprego-20071121-062.mp3|Pang Prego Johan Anderssons program! Om djur som hästar, räkor, kvastfeningar och en hund. Även om Paulus den rättfärdiges färdigrätt, teveserier med ett motorfordon i huvudrollen och hederskulturen kring McGyver.|http://sverigesradio.se/SR_p3_pangprego_071121120034.mp3|
1196247600|Pang Prego 2007-11-25 - Olof Anderssons program|pangprego-20071128-063.mp3|Olof Anderssons program, om b la slaget vid bält, irriterande telefonsamtal till kinesiska ambassaden och en sång om Slovenien.|http://sverigesradio.se/SR_p3_pangprego_071128120032.mp3|
1196852400|Pang Prego 2007-11-26 - Michaela Hannus program|pangprego-20071205-064.mp3|Michaela Hannus program: b la om Avril Lavigne, Idol och Pang Prego löneförhandlar!|http://sverigesradio.se/SR_p3_pangprego_071205120013.mp3|
1196856000|Pang Prego 2007-12-02 - Det hundrade programmet!|pangprego-20071205-065.mp3|Pang Prego det hundrade programmet! Vem är Emma Pernalds favorit kunglighet? Vad gör Emma, Jonas och Daniel när dom andra är på nobelfesten? Hur träffades egentligen Carl-Philip och Emma? Och ska dom gifta sig? Allt detta får du svar på i detta program.|http://sverigesradio.se/SR_p3_pangprego_071205010009.mp3|
1196866800|Pang Prego 2007-12-03 - Hampus Eks program!|pangprego-20071205-066.mp3|Pang Prego Hampus Eks program! Om bla vem som bestämmer landssymbolerna, hur kebab ser ut, om Penelope Cruz var med i slutet på Fear and Loathing in Las Vegas och om vilken musik man missat om man bara lyssnar på sånt som spelades in innan 1978.|http://sverigesradio.se/SR_p3_pangprego_071205040011.mp3|
1197457200|Pang Prego 2007-12-10 - Linnea Larssons program!|pangprego-20071212-067.mp3|Text saknas|http://sverigesradio.se/SR_p3_pangprego_071212120041.mp3|
1197457200|Pang Prego 2007-12-09 - Vendela Lundbergs program!|pangprego-20071212-068.mp3|Vendela Lundbergs program! Vendela är 16 år, kommer från Båstad, men går i gymnasiet i Sigtuna - Sveriges första huvudstad! Men vilken är sveriges första vildmark? Hylte kommun! Dessutom blir det en djupdykning i stjärntecknens motton och vad luktar egentligen prinsessan Lilian?|http://sverigesradio.se/SR_p3_pangprego_071212120034.mp3|
1197975600|Pang Prego 2007-12-16 - Victoria Broddessons program|pangprego-20071218-069.mp3|Victoria Broddessons program, bland annat om mode, amazing grace, lysekil: och så pratar jesper med Lionel Richie.|http://sverigesradio.se/SR_p3_pangprego_071218120022.mp3|
1198062000|Pang Prego 2007-12-17 - Joachim Niklassons program!|pangprego-20071219-070.mp3|Joachim Niklassons program! Om bl.a. lajv, lajv, Heroes-Angelas hemliga superkraft, Arn-filmen och varför Josefin inte längre är med på Hetast i Halmstad-listan!|http://sverigesradio.se/SR_p3_pangprego_071219120007.mp3|
1198497600|Pang Prego 2007-12-23 - Jultomtens program|pangprego-20071224-071.mp3|Pang Prego Jultomtens program|http://sverigesradio.se/SR_p3_pangprego_071224010036.mp3|
1199811600|Pang Prego 2007-12-23 - |pangprego-20080108-072.mp3|Jultomtens program! Lett av Simon Svensson.|http://sverigesradio.se/SR_p3_pangprego_080108060027.mp3|
1199876400|Pang Prego 2007-12-24 - |pangprego-20080109-073.mp3|Jesus Program! eller om det är Jesu, eller något helt annat... Simon Svensson reder ut begreppen. Medverkar gör också Freja Hallberg, Jesper Rönndahl, Liv Strömquist och Josefin Johansson. Precis som vanligt.|http://sverigesradio.se/SR_p3_pangprego_080109120059.mp3|
1199876400|Pang Prego 2007-12-31 - |pangprego-20080109-074.mp3|Text saknas|http://sverigesradio.se/SR_p3_pangprego_080109120030.mp3|
1199880000|Pang Prego 2007-12-30 - Nyårskarameller!|pangprego-20080109-075.mp3|Nyårskarameller med Liv och Josefin! De lyssnar genom Pang Pregos allra bästa kränkningar av kända människor över och under 35 från året som gått. Bland andra Mange Schmidt, The Corrs och Kalmar.|http://sverigesradio.se/SR_p3_pangprego_080109010026.mp3|
1200492000|Pang Prego 2008-01-13 - Stefan Stjärnlöfs program!|pangprego-20080116-076.mp3|Stefan Stjärnlöfs program! Om bl.a. efterfesterna hos Tomas Ledin, hur det är att jobba som livsmedelsproducent och Jan Christan Smuts. Dessutom: mikronesiska stenpengar! Som också fungerar att betala med i Danmark.|http://sverigesradio.se/SR_p3_pangprego_080116030032.mp3|
1200499200|Pang Prego 2008-01-14 - Ida Johansens program.|pangprego-20080116-077.mp3|Ida Johansens program. Om ponnys, rolig musik och uppbrända pass. Myckewt nöje!|http://sverigesradio.se/SR_p3_pangprego_080116050037.mp3|
1200499200|Pang Prego 2008-01-07 - Kristoffer Ohlins program!|pangprego-20080116-078.mp3|Kristoffer Ohlins program! Om nazistiskt sex, Solens mat och sjukhus. Med Liv och Jesper!|http://sverigesradio.se/SR_p3_pangprego_080116050034.mp3|
1201021200|Pang Prego 2008-01-20 - Paula Kanerups program.|pangprego-20080122-079.mp3|Paula Kanerups program. Om bordeller, Jacques Werup, Stjärnorna på slottet och andra masspsykoser.|http://sverigesradio.se/SR_p3_pangprego_080122060100.mp3|
1201190400|Pang Prego 2008-01-21 - Niclas Nordgrens program|pangprego-20080124-080.mp3|Niclas Nordgrens program, som handlar om Ramones, Oi punk, vad Thorsten Flink haft för sig de senaste halvåret, samt bävergäll. Det mest till tonerna av Galenskaparna&Aftershaves svala musik.|http://sverigesradio.se/SR_p3_pangprego_080124050027.mp3|
1201694400|Pang Prego 2008-01-27 - Viktor "Hoben" Lindgrens program|pangprego-20080130-081.mp3|Viktor "Hoben" Lindgrens program! Om bl.a. Janne Josefssons journalistteknik, märkliga saker med Varberg, Uffe Larssonsången och imitatörer med humörsvängningar. Med Liv & Josefin.|http://sverigesradio.se/SR_p3_pangprego_080130010021.mp3|
1201705200|Pang Prego 2008-01-28 - Stina Kaléns program!|pangprego-20080130-082.mp3|Stina Kaléns program! Om bl.a. Danmark, det danska hovet, Viggo Mortensen och Jan Malmsjö. Samt: det bästa ur Andra Avenyn och Tredje Klotet Från Solen. Med Liv & Jesper!|http://sverigesradio.se/SR_p3_pangprego_080130040022.mp3|
1202220000|Pang Prego 2008-02-03 - Henrik Dukers program|pangprego-20080205-083.mp3|Henrik Dukers program, om Nils-Petter Sundgren, Youtube, dvärgar och döda männsikor i Göta kanal. Med Liv och Josefin!|http://sverigesradio.se/SR_p3_pangprego_080205030055.mp3|
1202223600|Pang Prego 2008-02-04 - Linnea Tjernströms program|pangprego-20080205-084.mp3|Linnea Tjernströms program! Om malaria, latin, Martin Stenmacks syskon mm. Dessutom dricker Josefin kaffe, vilket får olyckliga följder.|http://sverigesradio.se/SR_p3_pangprego_080205040058.mp3|
1202900400|Pang Prego 2008-02-11 - Martina Johanssons program!|pangprego-20080213-085.mp3|Martina Johanssons program! Om bland annat hur Jesper svarar i telefon, olika slags hår, vegetarianism och boråsare.|http://sverigesradio.se/SR_p3_pangprego_080213120052.mp3|
1203440400|Pang Prego 2008-02-17 - Frida Franzéns program|pangprego-20080219-086.mp3|Frida Franzéns program. Vi reder ut varför Fridas hemstad Finspång kallas för Äggskallebyn, Liv skriker högt och Josefin har svårt att skilja himlakropparna från impressionisterna.|http://sverigesradio.se/SR_p3_pangprego_080219060045.mp3|
1203508800|Pang Prego 2008-02-18 - Eric Wasselius program!|pangprego-20080220-087.mp3|Eric Wasselius program! Om bl.a. att vara föreningsmänniska, att gå upp tjugo kilo samt en hel del om skånska dialekter.|http://sverigesradio.se/SR_p3_pangprego_080220010044.mp3|
1203958800|Pang Prego 2008-02-24 - Helena Öströms program!|pangprego-20080225-088.mp3|Helena Öströms program! Norge analyseras, kungabröllop planeras, Jesper lanserar ett par idéer för matlagningsteve och bröderna Rongedals bakgrund presenteras. Ha det så skoj!|http://sverigesradio.se/SR_p3_pangprego_080225060025.mp3|
1204045200|Pang Prego 2008-02-25 - Ellen Svenssons program|pangprego-20080226-089.mp3|Ellen Svenssons program, där Josefin tar chansen att berätta om Småland, Långerydsläkten och Kabeland. Dessutom hälsar vi på hemma hos Pang Pregos redaktionsmedlemar. Programet görs av Josefin Johansson, Liv Strömquist, Kringlan Svensson och Jesper Rönndahl.|http://sverigesradio.se/SR_p3_pangprego_080226060326.mp3|
1204563600|Pang Prego 2008-03-02 - Elisa K. Manns program|pangprego-20080303-090.mp3|I Elisa K. Manns program pratar vi om internethumor, vad som är typiskt svenskt, hur man forskade förr och så underhåller Liv med pricksäkra imitationer. Programmet gjordes, som vanligt av Jesper Rönndahl, Liv Strömquist, Kringlan Svensson och Josefin Johansson.|http://sverigesradio.se/SR_p3_pangprego_080303060419.mp3|
1204642800|Pang Prego 2008-03-03 - Joakim Hansens program|pangprego-20080304-091.mp3|I Joakim Hansens program bjuds det på stort Grytgölspecial. Dessutom män i vit hatt, mördarnamn, hur rika är svenska kändisar, samt sagan om Harry Petter.|http://sverigesradio.se/SR_p3_pangprego_080304040021.mp3|
1205240400|Pang Prego 2008-03-09 - Pauline Muñoz-Olsös program|pangprego-20080311-092.mp3|Pauline Muñoz-Olsös program. Vi snackar Photoshop, Sommar med Salem al Fakir och spexiga presenter som slutat vara roliga (samt en del spexiga presenter som slutat vara roliga, men blivit roliga igen). Pang Prego görs av Liv Strömquist, Kringlan Svensson, Josefin Johansson och Jesper Rönndahl.|http://sverigesradio.se/SR_p3_pangprego_080311020019.mp3|
1205247600|Pang Prego 2008-03-10 - Rasmus Lewenhaupts program|pangprego-20080311-093.mp3|Rasmus Lewenhaupts program. Hans Fahlén ringer banken, Josefin sätter upp folkluystspelet "På lösa boliner", kringlan pratar om filosofer i Sverige. Programledare: Jesper och Liv.|http://sverigesradio.se/SR_p3_pangprego_080311040017.mp3|
1205917200|Pang Prego 2008-03-16 - Pontus Redins program!|pangprego-20080319-094.mp3|Pontus Redins program! Om bl.a. kreationism, Josefins eventuella kompisskap ärkebiskop Anders Wejryd, varför Eagle-Eye Cherry jobbar inom hemtjänsten och varför det är deppigt för Roy och Roger.|http://sverigesradio.se/SR_p3_pangprego_080319100014.mp3|
1205924400|Pang Prego 2008-03-17 - Kornelia Nilssons program!|pangprego-20080319-095.mp3|Kornelia Nilssons program! Om bl.a. Skellefteå (och dess sjuka), folk som lever på gamla meriter (Lasse Åberg), den ryska tsarfamiljen med vänner (alltså Rasputin) samt varför Josefin avsade sig sin religion.|http://sverigesradio.se/SR_p3_pangprego_080319120016.mp3|
1206378000|Pang Prego 2008-03-23 - Sara Holms program!|pangprego-20080324-096.mp3|Sara Holms program! Liv skämtar om exotiska frukter som går in på barer, livliga diskussioner om vilka personer som ska bort från sedlarna. Dessutom vågar Jesper och Josefin vitsa - i kyrkan!|http://sverigesradio.se/SR_p3_pangprego_080324060010.mp3|
1206464400|Pang Prego 2008-03-24 - Viktor Posses program.|pangprego-20080325-097.mp3|Viktor Posses program. Det blir historiska fakta om saker som svenskar sprängt, optikermässa, skämtauktion, en vansinnig blooper från Andra avenyns arkiv och en hel drös annat. Som vanligt med Jesper Rönndahl, Josefin Johansson, Liv Strömquist och Kringlan Svensson.|http://sverigesradio.se/SR_p3_pangprego_080325060023.mp3|
1207130400|Pang Prego 2008-03-31 - Emilie Danielssons program!|pangprego-20080402-098.mp3|Emilie Danielssons program! Innehåller b la dvärgar, smeknamn och info om kärnkraft! Programledare är Jesper och Liv|http://sverigesradio.se/SR_p3_pangprego_080404052409.mp3|
1207144800|Pang Prego 2008-03-30 - Ian Zierings program!|pangprego-20080402-099.mp3|Ian Zierings program! Vi firar skådespelaren Ian Zierings 44-årsdag med att handplocka russinen ur Pang Prego-kakan och tar upp saker som passar honom, alltså väldigt gamla saker. Vi pratar bland annat  om Beverly Hills, Red hot chili peppers och Erik Åsbrink.|http://sverigesradio.se/SR_p3_pangprego_080404052309.mp3|
1207735200|Pang Prego 2008-04-06 - Emma Westins program!|pangprego-20080409-100.mp3|Emma Westins program! Om bl.a. arkeologi, 10.000BC, Disneyfilmen Ansgar och Rimbert, Josefins släktskap med furstehuset av och till Liechtenstein och Beethovens arbetsvecka.|http://sverigesradio.se/SR_p3_pangprego_080409120042.mp3|
1207738800|Pang Prego 2008-04-07 - Edvin Ullmans program!|pangprego-20080409-101.mp3|Edvin Ullmans program! Det handlar bland annat om miljonprojektet, Frank Zappa, Sommar i P1. Redaktionen spelar både kändis-TP och På minuten. Dessutom - vore inte ett fejkat självmord det bästa för Tobbe Trolkarls karriär? Lyssna och lär!|http://sverigesradio.se/SR_p3_pangprego_080409010038.mp3|
1208253600|Pang Prego 2008-04-13 - Joakim Janstads program!|pangprego-20080415-102.mp3|Joakim Janstads program! Om Österlens detektivbyrå, en TV-profil som förskingrade 66 kronor om dagen samt om vad Josefin måste göra för att få ett sommarprat! Men jesper och Josefin.|http://sverigesradio.se/SR_p3_pangprego_080415120058.mp3|
1208340000|Pang Prego 2008-04-14 - Nina Bigerssons program!|pangprego-20080416-103.mp3|Nina Bigerssons program! Om häxor och andra sagoväsen. Vi kollar upp vilka bögrykten Sigmund Freud spred ut, sprider lösa rykten om döva i Örebro och lyssnar på en hel del finsk musik.|http://sverigesradio.se/SR_p3_pangprego_080416120055.mp3|
1208887200|Pang Prego 2008-04-21 - Ellen Kalströms program|pangprego-20080422-104.mp3|Ellen Kalströms program. Vi fortsätter älta Kina, pratar om barn som demonstrerar, sjunger om Danmark. Dessutom drivvis med dåliga idéer som Jesper ringer in från distans.|http://sverigesradio.se/SR_p3_pangprego_080422080015.mp3|
1208944800|Pang Prego 2008-04-20 - Ida Asplund Samuelssons program!|pangprego-20080423-105.mp3|Ida Asplund Samuelssons program! med Liv och Kringlan.|http://sverigesradio.se/SR_p3_pangprego_080423120025.mp3|
1209488400|Pang Prego 2008-04-28 - Daniel Mitsogiannis program!|pangprego-20080429-106.mp3|Daniel Mitsogiannis program! Schlagerkungen Daniel skickade i ett personlighetstest och detta gav oss möjlighet att samtala om både musikal och melodifestival, både Abba och Ace of Base samt naturligtvis om Daniels uppväxtort Valdemarsvik. Allt under ledning av Liv och Josefin!|http://sverigesradio.se/SR_p3_pangprego_080429070012.mp3|
1209549600|Pang Prego 2008-04-27 - Tjugosjunde april-special!|pangprego-20080430-107.mp3|Tjugosjunde april-special! Med Josefin och Liv.|http://sverigesradio.se/SR_p3_pangprego_080430120015.mp3|
1210161600|Pang Prego 2008-05-04 - Kristoffer Lords program!|pangprego-20080507-108.mp3|Kristoffer Lords program! Där vi sjunger oss hesa till Rena Rama Rolf-signaturen. Vi diskuterar hur Charlotte Perrelli ska kunna muta andra länders journalistkårer och så lyssnar vi på den spännande fortsättningen på evighetsföljetången Österlens detektivbyrå.|http://sverigesradio.se/SR_p3_pangprego_080507020012.mp3|
1210165200|Pang Prego 2008-05-05 - Nora Bergfeldts program!|pangprego-20080507-109.mp3|Nora Bergfeldts program! Där vi pratar ungdomsfilm, parafilier, korsord i porrtidningar och mycket annat.|http://sverigesradio.se/SR_p3_pangprego_080507030010.mp3|
1210784400|Pang Prego 2008-05-11 - Tobias Larssons program!|pangprego-20080514-110.mp3|Tobias Larssons program! Det handlar om Nietzsches syster, namnet Tobias och en helt del skämt om Uppsala reggaefestival. Dessutom svarar vi på frågor om vad som är ett u-landproblem och vad som är ett i-landsproblem. Med Liv och Josefin.|http://sverigesradio.se/SR_p3_pangprego_080514070003.mp3|
1210845600|Pang Prego 2008-05-12 - Teresa Maluendas program!|pangprego-20080515-111.mp3|Teresa Maluendas program! Som också är den stora musikalspecialen! Liv och Josefin sjunger sig igenom programmet och tar upp så skilda saker som Magnus Uggla och So you think you can dance-juryn.|http://sverigesradio.se/SR_p3_pangprego_080515120003.mp3|
1211212800|Pang Prego 2008-05-18 - Noora Appelgréns program!|pangprego-20080519-112.mp3|Noora Appelgréns program! Där vi berättar för Jesper vad han missat när han varit på semester. Dessutom: fortsättningen på Österlens detektivbyrå, diskussioner om Spökplumpen, Partikelacceleratorn i Lund. Och mot slutet kommer en gammal tysk supvisa. Med Liv och Josefin.|http://sverigesradio.se/SR_p3_pangprego_080519060002.mp3|
1211302800|Pang Prego 2008-05-19 - Sara Beata Hagströms program!|pangprego-20080520-113.mp3|Sara Beata Hagströms program! Det handlar om sås! Och en del annat, men mest handlar det om sås. Med Liv och Josefin.|http://sverigesradio.se/SR_p3_pangprego_080520070101.mp3|
1211817600|Pang Prego 2008-05-25 - Glenn Ahlströms program!|pangprego-20080526-114.mp3|Glenn Ahlströms program! Här får du som missat Pang Prego chansen att hänga på tåget. Vi inleder med en lång återblick. Resten av programmet fylelr vi ut med ESC-referat och nördvitsar.|http://sverigesradio.se/SR_p3_pangprego_080526060031.mp3|
1211983200|Pang Prego 2008-05-26 - Josefin Mahtab Söderbergs program!|pangprego-20080528-115.mp3|Josefin Mahtab Söderbergs program! Om bland annat opera, Adam Tenstas syster, Higgs Boson-sekten, en stor portion Hasse "Kvinnaböske" Andersson och vad vi egentligen ska göra på Hultsfredsfestivalen, allt under ledning av Josefin och Jesper.|http://sverigesradio.se/SR_p3_pangprego_080528040028.mp3|
1212512400|Pang Prego 2008-06-01 - Anders Olofssons program!|pangprego-20080603-116.mp3|Anders Olofssons program! En klang- och jubelföreställning där vi tar avsked till Liv som sticker till Japan mitt under sändningen. Det blir information om samtliga -ismer, Jesper ringer till Danmark och Josefin berättar allt hon vet om Australien.|http://sverigesradio.se/SR_p3_pangprego_080603070056.mp3|
1212577200|Pang Prego 2008-06-02 - |pangprego-20080604-117.mp3|Text saknas|http://sverigesradio.se/SR_p3_pangprego_080604010053.mp3|
1213110000|Pang Prego 2008-06-08 - Moa Lundqvists program!|pangprego-20080610-118.mp3|Moa Lundqvists program! Här hånas Celine Dion och hennes övermogna älskare, vi pratar medeltiden och åren som bara försvann och så ges det en lektion i vanligt busshyfs. Med Jesper och Josefin vid årorna.|http://sverigesradio.se/SR_p3_pangprego_080610050046.mp3|
1213113600|Pang Prego 2008-06-09 - Erik "Syster" Norells program!|pangprego-20080610-119.mp3|Erik "Syster" Norells program! Där vi analyserar Caracolas texter på djuper. Dessutom musikanläggningar, programmeringsvitsar, hundar som fiser och modern musik. Vi avslutar som vanligt programmet med lite senbarock.|http://sverigesradio.se/SR_p3_pangprego_080610060049.mp3|
1213783200|Pang Prego 2008-06-16 - Josefin Johanssons program|pangprego-20080618-120.mp3|Josefin Johanssons program. Pang Prego-gänget besökte Hultsfredsfestivalen och höll bland mycket annat i Våga Vitsa-workshops.|http://sverigesradio.se/SR_p3_pangprego_080618120100.mp3|
1214218800|Pang Prego 2008-06-22 - |pangprego-20080623-121.mp3|Text saknas|http://sverigesradio.se/SR_p3_pangprego_080623010031.mp3|
1214388000|Pang Prego 2008-06-23 - Simon Wulfs program!|pangprego-20080625-122.mp3|Simon Wulfs program! Här bjuds på massor av spex, med betoning på MASSOR och SPEX. Med Liv och Josefin.|http://sverigesradio.se/SR_p3_pangprego_080625120033.mp3|
1214928000|Pang Prego 2008-06-30 - Azra Krvavacs program|pangprego-20080701-123.mp3|Azra Krvavacs program: om bla Carl P herslow, Margareta Falkudd och varför Azra och Anna Book har en beef. Med Liv och Kringlan!|http://sverigesradio.se/SR_p3_pangprego_080701060011.mp3|
1214992800|Pang Prego 2008-06-29 - Sofia Sandells program!|pangprego-20080702-124.mp3|Sofia Sandells program! Om bl.a. Island, ego-googlingar och Sjunde himlen! Med Liv och Kringlan!|http://sverigesradio.se/SR_p3_pangprego_080702120052.mp3|
1215529200|Pang Prego 2008-07-06 - Amanda Henrikssons program!|pangprego-20080708-125.mp3|Amanda Henrikssons program! Här skämtas det friskt om psykologi, Peter LeMarc och bloggande. Vi tar även reda på vem Jonas Hassen Khemiri absolut INTE kan dejta med bibehållen kreddighet. Med Jeppan och Liv.|http://sverigesradio.se/SR_p3_pangprego_080708050052.mp3|
1215594000|Pang Prego 2008-07-07 - Johan Michaneks program!|pangprego-20080709-126.mp3|Johan Michaneks program! Och vilket program sen! Här reder vi ut vad olika grenar inom libertianismen står för, varför det finns så många Buddhastatyer, vad "Dyt i Bamsen" egentligen betyder och vilka folkkära artister Nanna har kuckilurat med. Med Liv och Jesper!|http://sverigesradio.se/SR_p3_pangprego_080709110053.mp3|
1216141200|Pang Prego 2008-07-14 - Mikaela Ihregrens program!|pangprego-20080715-127.mp3|Mikaela Ihregrens program! Fullspäckat med The Sims, horoskop och Fyr Thorvald. Dessutom kämpar vi med att göra nåt skojigt av världens kanske bästa skämtupplägg: Abba Grön. Med Jesper och Josefin!|http://sverigesradio.se/SR_p3_pangprego_080715070025.mp3|
1216202400|Pang Prego 2008-07-13 - Emanuel Nielsens program|pangprego-20080716-128.mp3|Söndag 13/7: Emanuel Nielsens program! Emanuel är pastor/ tekniker och följaktligen kommer hans program att handla om folkmusik för den nya generationen, vilken text ABBA-apan egentligen skrev och varför Svenska kyrkan tycker att allt kött är hö. Dessutom: den stora radiobrännbollturneringen! Med Joss&Jepp.|http://sverigesradio.se/SR_p3_pangprego_080716120123.mp3|
1216634400|Pang Prego 2008-07-20 - Kristoffer Gutebrands program!|pangprego-20080721-129.mp3|Kristoffer Gutebrands program! Om Buffy-spinoffer, ost, Lou Bega och rolldatorer! Dessutom MASSOR av värdelöst vetande! Med Josefin och Jesper!|http://sverigesradio.se/SR_p3_pangprego_080721120034.mp3|
1216746000|Pang Prego 2008-07-21 - Kattis program!|pangprego-20080722-130.mp3|Kattis program! Om b la Alla älskar Raymond, skäggvårtor, vilket godis som skulle bli äckligast förstorat mm! Programledare är Jesper och Josefin.|http://sverigesradio.se/SR_p3_pangprego_080722070033.mp3|
1217242800|Pang Prego 2008-07-27 - Sjusovardagens program!|pangprego-20080728-131.mp3|Sjusovardagens program! Den 27:e juli är den traditionella sjusovardagen! Det firas med specialutvalda inslag som anknyter till de stackars helgon som murades in i en grotta och inte fick komma ut förrän efter 200 år. Här bjuds på tidsresor, tantrasex och kyrkovitsar! Med Nanna och Liv!|http://sverigesradio.se/SR_p3_pangprego_080728010034.mp3|
1217412000|Pang Prego 2008-07-28 - Peter Biraths program!|pangprego-20080730-132.mp3|Peter Biraths program! Om bl.a. Leif Silberskys cirkuslängtan, vad som finns och inte finns på Youtube och en sitcom om två daibetiker. Med Liv & Josefin.|http://sverigesradio.se/SR_p3_pangprego_080730120039.mp3|
1217941200|Pang Prego 2008-08-03 - Max Witts program!|pangprego-20080805-133.mp3|Max Witts program! Som handlar om lumpen! Vad är t.ex. en nära-lumpen-upplevelse? I övrigt bjuds på tangentbord, psykotiska liftare och infotainment om Phil Spector! Med Liv och Kringlan!|http://sverigesradio.se/SR_p3_pangprego_080805030051.mp3|
1217944800|Pang Prego 2008-08-04 - Maja Lünings program!|pangprego-20080805-134.mp3|Maja Lünings program! Socialpsykologi, Thomas Wiehes kamp för ett fritt tibet, vikinganamn som inte slagit. Dessutom ringer våran rögetant till bageriet och Jesper berättar sin livshistoria. En fest för örat!|http://sverigesradio.se/SR_p3_pangprego_080805040052.mp3|
1218538800|Pang Prego 2008-08-11 - Käti Lingenäs Güthleins program!|pangprego-20080812-135.mp3|Käti Lingenäs Güthleins program! Om Margareth Thatcher, typsnitt, Räddningspatrullen, Jespers Pekingvistelse - samt upplösningen på fototävlingen "Fota dig själv med något pyttelitet"! Med Nanna och Kringlan!|http://sverigesradio.se/SR_p3_pangprego_080812010013.mp3|
1218538800|Pang Prego 2008-08-10 - Folkrepubliken Kinas program!|pangprego-20080812-136.mp3|Folkrepubliken Kinas program! Det handlar om kinesisk ironi, kinesiska ambassaden, kinesiska paralympics, kinesiska namn, Mao och Slovakiska radiosymfonikerna. Mycket nöje, med Nanna och Kringlan.|http://sverigesradio.se/SR_p3_pangprego_080812010005.mp3|
1219222800|Pang Prego 2008-08-18 - Karin Petterssons program!|pangprego-20080820-137.mp3|Karin Petterssons program! Där vi presenterar filmidén "Amelie utanför Montmartre. Vi pratar Pondus och vågar vitsa i en tv-spelsbutik. Men allra mest handlar det såklart om siamesiska tvillingar. Med Nanna och Kringlan!|http://sverigesradio.se/SR_p3_pangprego_080820110058.mp3|
1219831200|Pang Prego 2008-08-25 - Karl Drejings program!|pangprego-20080827-138.mp3|Om bl.a. stora egon (dvs dom på Har du hört den förut), Josefins vita höst, Thomas Bodströms syn på jugoslaver och så slipper Lars Vilks sätta upp den där rondellhundsmusikalen - vi har gjort det åt honom! Med Liv och Josefin.|http://sverigesradio.se/SR_p3_pangprego_080827120042.mp3|
1219834800|Pang Prego 2008-08-24 - Zabina Sjöströms program|pangprego-20080827-139.mp3|Zabina Sjöströms program! med Josefin och Liv!|http://sverigesradio.se/SR_p3_pangprego_080827010039.mp3|
1220367600|Pang Prego 2008-09-01 - Niffe Hermanssons program!|pangprego-20080902-140.mp3|Niffe Hermanssons program! Där vi talar lite om Niffes namn, kränker levande döda och uppmanar lyssnarna att vitsa om rymden. Det är som ni förstår en komprimerad helkvällsföreställning. Med Liv och Kringlan!|http://sverigesradio.se/SR_p3_pangprego_080902050443.mp3|
1220446800|Pang Prego 2008-08-31 - |pangprego-20080903-141.mp3|Text saknas|http://sverigesradio.se/SR_p3_pangprego_080903030046.mp3|
1221040800|Pang Prego 2008-09-07 - Caradhras program!|pangprego-20080910-142.mp3|Caradhras program! För första gången får en hel förening ett eget Pang Prego, där vi inspireras av föreningslivet och startar en studiecirkel. Dessutom: Ha eller va med Tolkientema, våga vitsa med Tolkientema och en hel massa annat med Tolkientema. Med Jesper och Josefin.|http://sverigesradio.se/SR_p3_pangprego_080910120058.mp3|
1221048000|Pang Prego 2008-09-08 - John Janssons program!|pangprego-20080910-143.mp3|John Janssons program! Där vi diskuterar motorjournalister. Vi lär oss mer om 80-talets svarta komik och de manshoror som befolkade filmerna. Till råga på allt blir det hästvitsar i plural. Med Josefin och Jesper.|http://sverigesradio.se/SR_p3_pangprego_080910020057.mp3|
1221649200|Pang Prego 2008-09-14 - Anders Erikssons program!|pangprego-20080917-144.mp3|Anders Erikssons program! Om bland annat Stromatoliter, Busschaufförer och Josefins skyddsängel Manfredo.|http://sverigesradio.se/SR_p3_pangprego_080917010103.mp3|
1221656400|Pang Prego 2008-09-15 - Alvida Karlssons program!|pangprego-20080917-145.mp3|Alvida Karlssons program! Om bland annat Indien, droger och lite mer om vad Josefins medium egentligen sagt.|http://sverigesradio.se/SR_p3_pangprego_080917032703.mp3|
1222250400|Pang Prego 2008-09-22 - Moa BBs program!|pangprego-20080924-146.mp3|Moa BBs program! Om bl.a. ålderdomshumor (och dess remake), Pang Pregogänget på turné, Project Runaway och idiotin att döpa en båt till Göthebhorgh.|http://sverigesradio.se/SR_p3_pangprego_080924120040.mp3|
1222250400|Pang Prego 2008-09-21 - Robin Mickelsson-Hattas program!|pangprego-20080924-147.mp3|Robin Mickelsson-Hattas program! Om bl.a. äventyr! Ola Skinnarmo! Nepal! Dessutom: hur tror Josefin att det är på Mars? Och hur det är att jobba söndagar. Med Liv och Kringlan.|http://sverigesradio.se/SR_p3_pangprego_080924120015.mp3|
1222848000|Pang Prego 2008-09-29 - |pangprego-20081001-148.mp3|Text saknas|http://sverigesradio.se/SR_p3_pangprego_081001074227.mp3|
1222855200|Pang Prego 2008-09-28 - Höststädning!|pangprego-20081001-149.mp3|Höststädning! Godbitar från de första, opoddade avsnitten av Pang Prego. Med Jesper och Kringlan!|http://sverigesradio.se/SR_p3_pangprego_081001120047.mp3|
1223460000|Pang Prego 2008-10-05 - Sofia Anderssons program!|pangprego-20081008-150.mp3|Om bl.a. folk som vill vara i en annan subkultur, Bo Kaspers minderårkester, varför Västergötland förlorar mot Östergötland och faran med stegräknare!|http://sverigesradio.se/SR_p3_pangprego_081008120114.mp3|
1223460000|Pang Prego 2008-10-06 - Christoffer Mossbergs program!|pangprego-20081008-151.mp3|Om bl.a. döva, mimare, skiljetecken och hur det är att vara en offentlig person. Dessutom: NYA "Kom nu ketchup så går vi"-vitsar! Ett måste för den sanne humoristen.|http://sverigesradio.se/SR_p3_pangprego_081008120047.mp3|
1223978400|Pang Prego 2008-10-12 - |pangprego-20081014-152.mp3|Text saknas|http://sverigesradio.se/SR_p3_pangprego_081014120019.mp3|
1224064800|Pang Prego 2008-10-13 - Severin Lindskogs program!|pangprego-20081015-153.mp3|Severin Lindskogs program! Om bl.a. alla -ismer som finns, Kajsa Bergqvists nya utlandskarriär, en  halvbra facebookspaning och vårt nya dataspel!|http://sverigesradio.se/SR_p3_pangprego_081015120022.mp3|
1224763200|Pang Prego 2008-10-19 - Rebecka Granstens program!|pangprego-20081023-154.mp3|Rebecka Granstens program! Om bland annat Dolph Lundgren, Dolph Lundgrens filmer, Åsa JInder, Åsa Jinders blogg och sist men då rakt inte minst också Håkan Hagegårds jobb.|http://sverigesradio.se/SR_p3_pangprego_081023020032.mp3|
1224770400|Pang Prego 2008-10-20 - Linnea Alenklints program!|pangprego-20081023-155.mp3|Linnea Alenklints program! Om bland annat öronen på en elefant, ekonomi och djur.|http://sverigesradio.se/SR_p3_pangprego_081023040008.mp3|
1225281600|Pang Prego 2008-10-26 - |pangprego-20081029-156.mp3|Text saknas|http://sverigesradio.se/SR_p3_pangprego_081029010044.mp3|
1225288800|Pang Prego 2008-10-27 - |pangprego-20081029-157.mp3|Text saknas|http://sverigesradio.se/SR_p3_pangprego_081029030046.mp3|
1225803600|Pang Prego 2008-11-02 - Ulrika Milds program!|pangprego-20081104-158.mp3|Ulrika Milds program! Om bland annat soldatnamn, facebook och Låt det den rätte komma in-spinoffer.|http://sverigesradio.se/SR_p3_pangprego_081104020108.mp3|
1225803600|Pang Prego 2008-11-03 - Jowan Roslunds program!|pangprego-20081104-159.mp3|Jowan Roslunds program! Bla avslöjas den som vunnit att få vara ihop med Josefin på facebook i en vecka. Annars: Småland, Twin peaks och anagram. Med josefin och Liv!|http://sverigesradio.se/SR_p3_pangprego_081104020100.mp3|
1226494800|Pang Prego 2008-11-10 - |pangprego-20081112-160.mp3|Text saknas|http://sverigesradio.se/SR_p3_pangprego_081112020059.mp3|
1226502000|Pang Prego 2008-11-09 - |pangprego-20081112-161.mp3|Text saknas|http://sverigesradio.se/SR_p3_pangprego_081112040115.mp3|
1227092400|Pang Prego 2008-11-16 - Sandra Nicklassons program|pangprego-20081119-162.mp3|Text saknas|http://sverigesradio.se/SR_p3_pangprego_081119120030.mp3|
1227099600|Pang Prego 2008-11-17 - |pangprego-20081119-163.mp3|Text saknas|http://sverigesradio.se/SR_p3_pangprego_081119020029.mp3|
1227697200|Pang Prego 2008-11-23 - Cecilia Ekmans program!|pangprego-20081126-164.mp3|Cecilia Ekmans program! Om bl.a. Centerns ungdomsförbunds chipsfester, Nyamko Sabunis självbild och om man ska fråga den tjocka doktorn. Samt Kim W Anderssons Star Wars-spaning!|http://sverigesradio.se/SR_p3_pangprego_081126120049.mp3|
1227704400|Pang Prego 2008-11-24 - |pangprego-20081126-165.mp3|Text saknas|http://sverigesradio.se/SR_p3_pangprego_081126020050.mp3|
1228316400|Pang Prego 2008-12-01 - Oliver Rankloos OCH Erik Adelss program!|pangprego-20081203-166.mp3|Oliver Rankloos OCH Erik Adelss program! Om bl.a. klonade mammutar inuti blåvalar, Mange Schidts raptalanger samt saker man inte vill veta om frukt.|http://sverigesradio.se/SR_p3_pangprego_081203040005.mp3|
1228845600|Pang Prego 2008-12-08 - Oskar Brivings program!|pangprego-20081209-167.mp3|Oskar Brivings program! Om bland annat Kringlans olämpliga övertygelse, Kent och deras dilemma samt Ken och Görans dilemma.|http://sverigesradio.se/SR_p3_pangprego_081209070111.mp3|
1228928400|Pang Prego 2008-12-07 - Madeleine Augustssons program|pangprego-20081210-168.mp3|Madeleine Augustssons program  b la den gravida mannen, Josefin vid franska hovet och där Kringlan söker finna ett kryphål i sexköpslagen,|http://sverigesradio.se/SR_p3_pangprego_081210060056.mp3|
1229958000|Pang Prego 2008-12-21 - Marcus Fröidhs program!|pangprego-20081222-169.mp3|Marcus Fröidhs program! Där vi döper om Kringlan, öppnar en egen bank och ringer en tandkrämskongress. Allt detta bokstavligt talat!!! Ett måste för den kräsne radiolyssnaren. Med Josefin och Liv.|http://sverigesradio.se/SR_p3_pangprego_081222040046.mp3|
1230544800|Pang Prego 2008-12-22 - Amanda Linds program!|pangprego-20081229-170.mp3|Amanda Linds program! Det handlar mycket om jazz. Och cha-cha-cha. Men mest om jazz. Och Staffan Ling. Men inte lika mycket som jazz, naturligtvis. Med jazzkatterna Jesper och Josefin.|http://sverigesradio.se/SR_p3_pangprego_081229110034.mp3|
1230562800|Pang Prego 2008-12-28 - Våra minst älskade inslag!|pangprego-20081229-171.mp3|Våra minst älskade inslag! Med kringlan och Liv|http://sverigesradio.se/SR_p3_pangprego_081229040052.mp3|
1230642000|Pang Prego 2008-12-29 - Jesper Rönndahls eget program!|pangprego-20081230-172.mp3|Jesper Rönndahls eget program! Med Jesper Rönndahl.|http://sverigesradio.se/SR_p3_pangprego_081230020035.mp3|
1231063200|Pang Prego 2009-01-11 - Petter Brandts program!|pangprego-20090104-173.mp3|Petter Brandts program! Där vi pratar om ”Fem böckerna”, Kerstin Dellerts hattar. Detta program innehåller även den djupgående radiodokumentären UR-från. Programledare: Simon Svensson och Josefin Johansson.|http://sverigesradio.se/SR_p3_pangprego_090114101831.mp3|
1231250400|Pang Prego 2009-01-05 - Anna Unnerud Björslands program!|pangprego-20090106-174.mp3|Anna Unnerud Björslands program! Där viktiga frågor ställs - har Åsa Fång sjungit med BAO? Vem vill ligga med Staffan Schejas hand? Hur tog sig Erik & Mackan fram i början av sin karriär? Vad är egentligen ektoplasma? Med Josefin och Kringlan|http://sverigesradio.se/SR_p3_pangprego_090106030039.mp3|
1232028000|Pang Prego 2009-01-12 - Ems Svenssons program!|pangprego-20090115-175.mp3|Ems Svenssons program! Där vi går på strippklubb, pratar kollektivtrafik och diksuterar Povel Ramels karriär. Dessutom ifrågasätter vi våldtäkten i Wall-E. Är den verkligen lämplig. Med Simon och Josefin!|http://sverigesradio.se/SR_p3_pangprego_090115030055.mp3|
1232528400|Pang Prego 2009-01-18 - Fredrik Walle Wallströms program!|pangprego-20090121-176.mp3|Fredrik Walle Wallströms program! Det handlar om Japan, nudlar, rosa djur och Christer Björkman. Desstuom reder vi ut hur dålig Super Mario-filmen måste ha varit. Med Simon och Kringlan!|http://sverigesradio.se/SR_p3_pangprego_090121100034.mp3|
1232528400|Pang Prego 2009-01-19 - Erik Kohlströms program!|pangprego-20090121-177.mp3|Erik Kohlströms program! Där vi fluktar på könsrock och efterfestinstrument. Vi reder ut skillnaden mellan nynorsk och bokmal, samt ger en alldeles för uttömmande redogörelse för vårt festande på P3 Guld-galan. Med Simon och Kringlan!|http://sverigesradio.se/SR_p3_pangprego_090121100010.mp3|
1233136800|Pang Prego 2009-01-26 - Kristina Nordströms program!|pangprego-20090128-178.mp3|Kristina Nordströms program! Ordspråk, omskärelse, barnfängelser, julklappar och hundar. Med Josefin och Kringlan.|http://sverigesradio.se/SR_p3_pangprego_090128110056.mp3|
1233147600|Pang Prego 2009-01-25 - Magdalena Sebbas program!|pangprego-20090128-179.mp3|Magdalena Sebbas program! Om bland annat Josefins forskning kring gravitation, Kringlans barndom och vad som egentligen finns på botten av Grand Canyon.|http://sverigesradio.se/SR_p3_pangprego_090128020056.mp3|
1233673200|Pang Prego 2009-02-01 - Carin Sjögrens program!|pangprego-20090203-180.mp3|Carin Sjögrens program! Trämannen, Te-visa, Eric Gadd och mysbyxor. Allt hänger samman! Med Simon och Josefin!|http://sverigesradio.se/SR_p3_pangprego_090203040057.mp3|
1233741600|Pang Prego 2009-02-02 - |pangprego-20090204-181.mp3|Om cowboyaffärer, cellopung, språkbruket i p1. Programledare Simon Svensson och Josefin Johansson|http://sverigesradio.se/SR_p3_pangprego_090204110040.mp3|
1234281600|Pang Prego 2009-02-09 - Tova Bergmans program|pangprego-20090210-182.mp3|Tova Bergmans program i vilket Simon pratar om Google Earth, Josefin och kringlan tigger skjuts till Arvikafestivalen och Emma berättar om sin barndom. Mycket nöje!|http://sverigesradio.se/SR_p3_pangprego_090210050012.mp3|
1234353600|Pang Prego 2009-02-08 - Sofie Öjbros program|pangprego-20090211-183.mp3|Sofie Öjbros program! Om bland annat schlager (naturligtvis), Sune-Musikalen (det var dags för en uppdatering) och varför vi borde älska Niklas Strömstedt lika mycket som Per Gessle. Gör. Nej, ett skoj, en lek med ord! Jag menar lika mycket som vi älskar PG alltså. Så mycket borde vi älska Niklas. Eller NS då om vi ska följa samma princip. Hejdå.|http://sverigesradio.se/SR_p3_pangprego_090211010011.mp3|
1234875600|Pang Prego 2009-02-16 - Lisa Nissens program!|pangprego-20090217-184.mp3|Lisa Nissens program! Där det blir SM i överreaktion, Josefin startar bandet Röven och pratar om gnälliga skivbolag. Dessutom räknar vi ut hur många artister det krävs för att ersätta Lasse Winnerbäck. Fart och fläkt med Emma och Josefin!|http://sverigesradio.se/SR_p3_pangprego_090217020033.mp3|
1234954800|Pang Prego 2009-02-15 - Eric Jönssons program|pangprego-20090218-185.mp3|Eric Jönssons program. Josefin berättar om Ale Möller och hans intrumentpark, Kringlan om Språkgubben i P1 och där hela redaktionen antar en utmaning. Lyssna, det kan bli kul!|http://sverigesradio.se/SR_p3_pangprego_090218120025.mp3|
1235563200|Pang Prego 2009-02-26 - Vendela Strömbecks Program|pangprego-20090225-186.mp3|Vendela Strömbecks Program. Programledare Josefin johansson och Kringlan Svensson|http://sverigesradio.se/SR_p3_pangprego_090225010102.mp3|
1235566800|Pang Prego 2009-02-22 - Jim Zachau|pangprego-20090225-187.mp3|Jim Zachaus program! Om bland annat Glashotellet i Glasriket, Josefins band "Röven" och hur lik Kringlan är Filthy.|http://sverigesradio.se/SR_p3_pangprego_090225020101.mp3|
1236164400|Pang Prego 2009-03-02 - |pangprego-20090304-188.mp3|Text saknas|http://sverigesradio.se/SR_p3_pangprego_090304120122.mp3|
1236164400|Pang Prego 2009-03-01 - Fredric Lönnfjords program|pangprego-20090304-189.mp3|Fredric Lönnfjords program med Simon Svensson och Kringlan Svensson|http://sverigesradio.se/SR_p3_pangprego_090304120101.mp3|
1236693600|Pang Prego 2009-03-09 - Julia Tarfussers program!|pangprego-20090310-190.mp3|Julia Tarfussers program! Där vi diskuterar gruvdriften i Kiruna, Jossan och Kringlan slår vad, Emma lär oss retorik och Simon gör slut med ett ljud.|http://sverigesradio.se/SR_p3_pangprego_090310040519.mp3|
1236772800|Pang Prego 2009-03-08 - Robin Mytes program|pangprego-20090311-191.mp3|Robin Mytes program! Som blev Pang Pregos Australien-special samt vårt alldeles eget Melodikryss! Trams och strunt med Simon och Jossan! Och Kringlan som stod bredvid och gormade.|http://sverigesradio.se/SR_p3_pangprego_090311010039.mp3|
1237302000|Pang Prego 2009-03-15 - Matilda Dahls program!|pangprego-20090317-192.mp3|Matilda Dahls program! Vi planerar att köpa en travhäst, pratar tantsnusk och nanoteknik. Med Jossan och Kringlan!|http://sverigesradio.se/SR_p3_pangprego_090317040008.mp3|
1237309200|Pang Prego 2009-03-16 - |pangprego-20090317-193.mp3|Text saknas|http://sverigesradio.se/SR_p3_pangprego_090317060010.mp3|
1237975200|Pang Prego 2009-03-21 - John Ingolfs program|pangprego-20090325-194.mp3|Pang Prego John Ingolfs program med Josefin Johansson, Emma Molin, Kristoffer Svensson och Simon Svensson. Om bl.a. den första nordbon som satte sig på Island.|http://sverigesradio.se/SR_p3_pangprego_090325110009.mp3|
1237982400|Pang Prego 2009-03-22 - Sara de Haas program|pangprego-20090325-195.mp3|Sara de Haas program! Om bland annat det numera ökända Buller-Bulleri-Bock-vadet, valloner, SMK och premiärläsning av novellan "Rockbjörnens folk".|http://sverigesradio.se/SR_p3_pangprego_090325010006.mp3|
1238515200|Pang Prego 2009-03-30 - Maria Anderssons program|pangprego-20090331-196.mp3|Maria Anderssons program! Om bland annat att datorn bara var en fluga, märkliga norska människor och genetik. Med Josefin och vikarie-Sarah!|http://sverigesradio.se/SR_p3_pangprego_090331060101.mp3|
1238572800|Pang Prego 2009-03-29 - Emelie Dellemyr s program|pangprego-20090401-197.mp3|Emelies Pang Prego innehåller bland annat hur det var att växa upp på -70 talet. Simon som är född -76 minns det som igår. Vi får även nya lektioner  i svenska av Profasar.|http://sverigesradio.se/SR_p3_pangprego_090401100124.mp3|
1239112800|Pang Prego 2009-04-05 - Henke Blomqvists program!|pangprego-20090407-198.mp3|Henke Blomqvists program! Med imitationer och andra fånerier!|http://sverigesradio.se/SR_p3_pangprego_090407040917.mp3|
1239116400|Pang Prego 2009-04-06 - Tom Alles program|pangprego-20090407-199.mp3|Tom Allens program! Om bland annat tv-favoriten Rent hus, hur man gör gummiband och hur fräsch Jake the Snake är. Och hur fräscht det är att prata om hur fräscht något är.|http://sverigesradio.se/SR_p3_pangprego_090407050035.mp3|
1239793200|Pang Prego 2009-04-13 - Jessika Möllers program|pangprego-20090415-200.mp3|Jessika Möllers program! Om bland annat Stonefunkers videoblogg (!), bra tourettes och naturligtvis vår egen blogg. Med Josefin och Kringlan!|http://sverigesradio.se/SR_p3_pangprego_090415010006.mp3|
1239962400|Pang Prego 2009-04-12 - Astrid Mäehans program|pangprego-20090417-201.mp3|Astrid Mäehans program i vilket Emma åker tunnelbana, Simon skämtar om sagan om ringen (Wot!) och Josefin och Kringlan programleder, med den äran. Spänn fast säkerhetsbältena för nu blir det åka av!|http://sverigesradio.se/SR_p3_pangprego_090417122118.mp3|
1240308000|Pang Prego 2009-04-19 - Hjalmar Kauderns program|pangprego-20090421-202.mp3|jalmar Kauderns program! Om bland annat Supremes arbetsdag, Kringlan och Jossans partyresa till Göteborg och hur bra Post-it är. Alltså en reklam. För Post-its. Med Simon och Emma!|http://sverigesradio.se/SR_p3_pangprego_090421120634.mp3|
1240318800|Pang Prego 2009-04 20 - Asta Hermudsdottirs program|pangprego-20090421-203.mp3|Asta Hermudsdottirs program. Om isländska, film i skolan och langos. Programledare Emma Molin och Simon Svensson|http://sverigesradio.se/SR_p3_pangprego_090421030031.mp3|
1240930800|Pang Prego 2009-04-27 - Kimsans program!|pangprego-20090428-204.mp3|Kimsans program! Där vi pratar om desperata arbetslösa, spenar och tvättstugehäng. Dessutom spelar vi upp den berömda Bananlikörscenen från Änglagård. Ha så skoj!|http://sverigesradio.se/SR_p3_pangprego_090428050020.mp3|
1240999200|Pang Prego 2009-04 26 - Julia Wellanders program|pangprego-20090429-205.mp3|Pang Prego med Simon Svensson, Kringlan Svensson och Nanna Johansson om Stalin, onödiga bokstäver och högstadiediscon|http://sverigesradio.se/SR_p3_pangprego_090429120018.mp3|
1241514000|Pang Prego 2009-05-04 - Martina Lindbergs program!|pangprego-20090505-206.mp3|Martina Lindbergs program! Där vi tävlade i leken ”Gissa Stor-Claes och Lill-Claes”, samt fånade oss om chockladovin, samt fånade oss om mickrobloggar, samt fånade oss i största allmänhet.|http://sverigesradio.se/SR_p3_pangprego_090505034050.mp3|
1241600400|Pang Prego 2009-05-03 - Jon Kleppenes program!|pangprego-20090506-208.mp3|Jon Kleppenes program! Våra mest älskade kompostvitsar, en vanligdag i en torskfiskares liv och en hel massa annat som ni inte visste att ni "diggade".|http://sverigesradio.se/SR_p3_pangprego_090506110115.mp3|
1242133200|Pang Prego 2009-05-10 - Jesper Cederstrands program!|pangprego-20090512-209.mp3|Jesper Cederstrands program! Om Fråga doktorn (ja, igen), makroekonomi (första gången) och 3G (hetast av dom alla). Med Nanna och Jossan!|http://sverigesradio.se/SR_p3_pangprego_090512030039.mp3|
1242543600|Pang Prego 2009-05-11 - Christian Nilssons program.|pangprego-20090517-210.mp3|Christian Nilssons program. Om kungens internetnamn, redaktionen spelar MIG och så vidare|http://sverigesradio.se/SR_p3_pangprego_090517110322.mp3|
1242738000|Pang Prego 2009-05-18 - Skåne-Elins program!|pangprego-20090519-211.mp3|Skåne-Elins program! Där vi försöker luska ut vilka som egentligen lyssnar på oss. Dessutom: helt andra grejor!|http://sverigesradio.se/SR_p3_pangprego_090519030123.mp3|
1242748800|Pang Prego 2009-05-17 - Daniel Gomans program!|pangprego-20090519-212.mp3|Daniel Gomans program! Om GAS (Galenskaparna och AfterShave) och barnsadism. Och så bjuder vi på ännu en del av novellan Rockbjörnens folk. Med Jossan och Simpan!|http://sverigesradio.se/SR_p3_pangprego_090519060008.mp3|
1243350000|Pang Prego 2009-05-25 - Anna "sockeranna" Jonssons program!|pangprego-20090526-213.mp3|Anna "sockeranna" Jonssons program! Om bland annat tv-serien Lost, spinoffen Host, det helballa 80-talet och då naturligtvis också om smörgåstårta och fakturor. Med Josefin och Kringlan!|http://sverigesradio.se/SR_p3_pangprego_090526050035.mp3|
1243353600|Pang Prego 2009-05-24 - Rebecca Risbergs program!|pangprego-20090526-214.mp3|Rebecca Risbergs program! Om tryckkonst, ägg, Nannas dubbelsångare och en massa mer. Med Nanna och Jossan!|http://sverigesradio.se/SR_p3_pangprego_090526060058.mp3|
1243951200|Pang Prego 2009-05-31 - Hampus Bovbjerg-Grips program!|pangprego-20090602-216.mp3|Hampus Bovbjerg-Grips program! Om bland annat danska grisar och örats anatomi. Med Nanna och Kringlan!|http://sverigesradio.se/SR_p3_pangprego_090602040437.mp3|
1243951200|Pang Prego 2009-06-01 - Johan Daléns program!|pangprego-20090602-217.mp3|Johan Daléns program! Om bland annat nazister, teleportörer och båtar som minns.|http://sverigesradio.se/SR_p3_pangprego_090602040336.mp3|
1250528400|Pang Prego 2009-08-17 - Linus Trulssons program!|pangprego-20090817-241.mp3|Nu sminkar vi upp det gamla liket, piskar kinderna rosiga och tar oss en vild sväng om. Allt det här är ju bara omständiga omskrivningar för att Pang Prego är tillbaks. Vi går ut hårt från början och sjösätter Linus Trulssons program. Han är 27 år gammal och bor i Malmö. Därför kommer hans program att handla om Erik Lallerstedts wikipediasida, tantsnusk och Dr Livingstone. Allt i ljuv dissharmoni! Som vanligt, som vanligt. Lyssna ni, så skrika vi|http://sverigesradio.se/SR_p3_pangprego_090818070637.mp3|
1251216000|Pang Prego 2009-08-24 - Torbjörn Vanbergs program!|pangprego-20090825-242.mp3|Torbjörn Vanbergs program! Där vi pratar HBTQ (och en del andra bögiga bokstäver ), diskuterar vad som hände mellan Morgan & Lasse, samt frågar oss vilken svensk politiker som skulle våga föra upp obekväma frågor som duschkissning på agandan. Med Nanna och Kringlan.|http://sverigesradio.se/SR_p3_pangprego_090825060038.mp3|
1251284400|Pang Prego 2009-08-23 - Julia Burgéns prgram!|pangprego-20090826-243.mp3|Julia Burgéns prgram! Om bland annat det heligaste vi har: Bibeln, Harry Potter och Onkel Kånkel. Samt naturligtvis om hur mycket Kringlan tycker om Jordnötssås.  Med The Nan och K-Lan!|http://sverigesradio.se/SR_p3_pangprego_090826010036.mp3|
1251723600|Pang Prego 2009-08-29 - Elin Carlgrens program!|pangprego-20090831-244.mp3|Norgehat 2.0, kat(t)astrofsex, framtidsmat, nyckelpigor och gangsters. Det är några av ingredienserna i Elin Carlgrens fabulösa program. Och som om inte det vore nog fortsätter vi dessutom med de lika stående som folkkära inslagen Mytologisk busringning, Puncha med Ekot och Venusbergets Silverskog. Tune in and embrace the fun, kidz!|http://sverigesradio.se/SR_p3_pangprego_090901023618.mp3|
1251806400|Pang Prego 2009-08-30 - Sofi Lindells program!|pangprego-20090901-245.mp3|Sofi Lindells program! Som vanligt en massa skämt och Gorbatjov. Inte så mycket annat. Med Simon och Josefin!|http://sverigesradio.se/SR_p3_pangprego_090901020918.mp3|
1252339200|Pang Prego 2009-09-06 - Mimmi Larsson Sigrands program!|pangprego-20090907-246.mp3|Den som vill lyssna på skivan "Slappna av med Kringlan" + ta del av en utredning rörande gnagares ursprung + avnjuta spekulationer om bl.a. spindeldjur och långa näsor (och vem vill inte det?) bör slå på radioapparaten på måndag, 16:08, och insupa Mimmi Larsson Sigrands program!|http://sverigesradio.se/SR_p3_pangprego_090907060019.mp3|
1252418400|Pang Prego 2009-09-07 - Mimmi Larsson Sigrands Program|pangprego-20090908-247.mp3|Mimmi Larsson Sigrands Program. Om bl.a. avslappning med Kringlan, Cloud computing och gnagare.|http://sverigesradio.se/SR_p3_pangprego_090908040021.mp3|
1253019600|Pang Prego 2009-09-14 - Andreas Kjells program!|pangprego-20090915-248.mp3|Andreas Kjells program! där vi löser korsord, ringer nakenbadare, pratar Freud och förlåter alla gamla diktatorer. Med Kringlan och Nanna!|http://sverigesradio.se/SR_p3_pangprego_090915030040.mp3|
1253628000|Pang Prego 2009-09-21 - Jonas Grenfeldts program!|pangprego-20090922-249.mp3|Jonas Grenfeldts program! Om bland annat musarm, Duvan - luftens hackkyckling och naturligtvis plötslig spädbarnsdöd. Med Josefinito och Sumpelito!|http://sverigesradio.se/SR_p3_pangprego_090922040058.mp3|
1253638800|Pang Prego 2009-09-20 - Ella Frennings program!|pangprego-20090922-250.mp3|Ella Frennings program! Vi pratar om orangutanger, kränker pandor, skändar Tiramisu och diskuterar hur en afrikan skulle bete sig om han blev insläppt på ett svenskt tåg. Dessutom, som en bonus, sparkar vi ihjäl en häst, som ändå var gammal och sjuk. Mycket nöje!|http://sverigesradio.se/SR_p3_pangprego_090922070104.mp3|
1254225600|Pang Prego 2009-09-27 - Freja Wagners program!|pangprego-20090929-251.mp3|Freja Wagners program! Som spårade ur, innan det ens börjat. Och förvandlades till sommarplågan Funky Town. Det pratades pundighet, radiogala och sjöngs om ostar. Dessutom listade Brolle Jr låtar som han tycker går för snabbt. Med Josefin och Kringlan!|http://sverigesradio.se/SR_p3_pangprego_090929020029.mp3|
1254240000|Pang Prego 2009-09-28 - Hanna Nilssons program|pangprego-20090929-252.mp3|Hanna Nilssons program. Om bl.a. bokmässan, den stora genomgången av gamla testamentet och första delen i rabalder i riksdan. Programledare Nanna och Kringlan.|http://sverigesradio.se/SR_p3_pangprego_090929060011.mp3|
1254841200|Pang Prego 2009-10-05 - Patrik Midelfs program!|pangprego-20091006-253.mp3|Patrik Midelfs program! Om bland annat Nordman, Bärnsten och getingar. Med Nanna och Simon!|http://sverigesradio.se/SR_p3_pangprego_091006050042.mp3|
1255431600|Pang Prego 2009-10-11 - Carina MacDougalls program|pangprego-20091013-254.mp3|Carina MacDougalls program. Om bl.a. Kulturprogrammet Babel, Nöjesprogrammet Dobidoo och samboliknande förhållanden|http://sverigesradio.se/SR_p3_pangprego_091013043814.mp3|
1255514400|Pang Prego 2009-10-12 - Gustav Beausangs program!|pangprego-20091014-255.mp3|Gustav Beausangs program! Om bland annat... äh, jag vet inte för jag var inte med. Men kanske... Kringlan sjöng en låt om Genéver, det vore typiskt han. Och så kanske Nanna punchade med Ekot. Men det är ju omöjligt för mig att veta, ni får lyssna själva. /Josefin|http://sverigesradio.se/SR_p3_pangprego_091014120615.mp3|
1256032800|Pang Prego 2009-10-19 - Victor Larsson Calméns Program|pangprego-20091020-256.mp3|Victor Larsson Calméns Program om bl.a. Hitler och ljudarna, homofobi, Blondie Lindeman, Kanye West - Den första svarta rapparen i USA.|http://sverigesradio.se/SR_p3_pangprego_091020031816.mp3|
1256043600|Pang Prego 2009-10-18 - Hanna Nilsson II:s program!|pangprego-20091020-257.mp3|Hanna Nilsson II:s program! Nog för att det finns många Hannor och många Nilssons därute, men att det fanns två Hanna Nilsson hade vi ingen aning om. På kort tid ger alltså Pang Prego bort ännu ett program till en Hanna Nilsson. Är det inte fantastiskt så säg! Och innehållet? Jodå, det finns ett innehåll. Nya testamentet i sångform, till exempel.|http://sverigesradio.se/SR_p3_pangprego_091020030016.mp3|
1256659200|Pang Prego 2009-10-25 - Hanna Nilssons program! Igen!|pangprego-20091027-258.mp3|Hanna Nilssons program! Igen! Skriker ni. Ah, har ni inte lärt er? Det finns ju fler än en Hanna Nilsson. Tre, faktiskt. Och detta är den tredje Hanna Nilssons program. Om tankesmedjor, verklighetens folk och (naturligtvis) ostopium. Med Simon och Josefin!|http://sverigesradio.se/SR_p3_pangprego_091027050120.mp3|
1256742000|Pang Prego 2009-10-26 - Gustav Sveidquists program!|pangprego-20091028-259.mp3|Gustav Sveidquists program! Med bland annat busrigningar, våra bästa barn och runka bulle! Programledare är Nanna och Kringlan.|http://sverigesradio.se/SR_p3_pangprego_091028040104.mp3|
1257260400|Pang Prego 2009-11-02 - Sofia Fryks program!|pangprego-20091103-260.mp3|Sofia Fryks program! Om bland annat den logiska luckan i True Blood, kungliga hovleverantörer och Lars Winnerbäck. Dessutom ger vi bort en kampanjsång till Sverigedemokraterna. Maxat, va? Med Josefin och Nanna!|http://sverigesradio.se/SR_p3_pangprego_091103040050.mp3|
1257264000|Pang Prego 2009-11-01 - De dödas program|pangprego-20091103-261.mp3|De dödas program. Om Phil Spector, de döva i Örebro, Helgon, Hitler, Mao osv. Med Kringlan och Nanna|http://sverigesradio.se/SR_p3_pangprego_091103050108.mp3|
1257861600|Pang Prego 2009-11-08 - Andreas Lundgrens program!|pangprego-20091110-262.mp3|Andreas Lundgrens program! Där vi hälsar Kringlan och Nanna välkomna hem från Holland, pratar frukostskämt och skördar helgens skämt. Men allra mest ahndlar det såklart om att ta reda på vad Stefan Grundin gjorde mellan 2003 och september 2009. Med Simon och Kringlan!|http://sverigesradio.se/SR_p3_pangprego_091110030118.mp3|
1257944400|Pang Prego 2009-11-09 - David Eklunds program!|pangprego-20091111-263.mp3|David Eklunds program! Där vi tar en titt på superlativen i Ensam mamma söker, spelar regeringsfars och placerar Strindberg i 2000-talet. Myckt nöje, mycket sköjje! Med Jossan Kossan och Simon Flinom!|http://sverigesradio.se/SR_p3_pangprego_091111020601.mp3|
1258477200|Pang Prego 2009-11-15 - Rasmus Silhammars program!|pangprego-20091117-264.mp3|Rasmus Silhammars program! Vi tränger oss in i Edward Bloms artärer, vi gör det spännande tankeexperimentet "En bög spelar normal". Dessutom skickar vi Nanna på analys och pratar grytor, syltor och annat bögslang. Med Josefinito och El Kringlador!|http://sverigesradio.se/SR_p3_pangprego_091117060025.mp3|
1258477200|Pang Prego 2009-11-16 - Frida Hallgrens program!|pangprego-20091117-265.mp3|Frida Hallgrens program! Om den fina gamla biten Små gröna äpplen, Tomas von Brömsen, Maxwell House-kaffe och annat som 80- och 90-talister har svårt att relatera till. Med Kringalingadingdong och Nannapannastektefläsk!|http://sverigesradio.se/SR_p3_pangprego_091117060016.mp3|
1259078400|Pang Prego 2009-11-22 - Jacob Ljungbergs Program|pangprego-20091124-266.mp3|Jacob Ljungbergs Program. Om bl.a. våra frukostvanor, hur japaner är på svenska tåg och Halmstad.|http://sverigesradio.se/SR_p3_pangprego_091124051802.mp3|
1259089200|Pang Prego 2009-11-23 - Elin Anderssons program!|pangprego-20091124-267.mp3|Elin Anderssons program! Eller som vi gärna kallar det - Den stora Italienspecialen! Det sjungs om Italien, pratas om Italien och pratas SOM det pratas i Italien (italienska). Med Jossan Kossan och Nanna Panna!|http://sverigesradio.se/SR_p3_pangprego_091124080102.mp3|
1259679600|Pang Prego 2009-11-30 - Gabriel Fjellanders program!|pangprego-20091201-268.mp3|Gabriel Fjellanders program! Där Josefin minns sin ungdoms kyrkoläger, Nanna sin ungdoms popmusik, Simon tänker mest på skaldjur och Kringlan pratar illa om människor som gillar djur. What`s not to love?|http://sverigesradio.se/SR_p3_pangprego_091201040056.mp3|
1259683200|Pang Prego 2009-11-29 - Elin Sjunnegårds program!|pangprego-20091201-269.mp3|Elin Sjunnegårds program! Om bland annat vuxna barn, torskars bortförklaringar och Rockbjörnens Fölks första adventspecial! Med Simon och Nanna!|http://sverigesradio.se/SR_p3_pangprego_091201050053.mp3|
1260288000|Pang Prego 2009-12-06 - Sophia Garcia Hasselbergs program!|pangprego-20091208-270.mp3|Sophia Garcia Hasselbergs program! Om bland annat Povel Ramel, Afghanska Idol och Saab.|http://sverigesradio.se/SR_p3_pangprego_091208050956.mp3|
1260291600|Pang Prego 2009-12-07 - Per Svensk program!|pangprego-20091208-271.mp3|Per Svensk program! Vi vitsar, naturligtvis, om att Per heter Per Svensk (exempel: hur många gånger kan man dra ett sånt skämt, per svensk). Dessutom: kränk av den annars så kränklöse Laleh, sånger om incenstlitteratur och Nobels fredspris. Som lök på laxen: En väldigt, väldigt gammal sketch om körv! Med Nanna van der Kwast och Josefin Johansson!|http://sverigesradio.se/SR_p3_pangprego_091208060056.mp3|
1260878400|Pang Prego 2009-12-13 - Johan Knubbes program!|pangprego-20091215-272.mp3|Johan Knubbes program! Vi låter Lussekatt Dolls framföra en låt om lussekatter, lyssnar på Nannas drömhat och Kringlans bröllopsminnen, samt pratar Musikhjälpen. Med Simongo och Josefinne!|http://sverigesradio.se/SR_p3_pangprego_091215010052.mp3|
1260975600|Pang Prego 2009-12-14 - Tant Håkans program!|pangprego-20091216-273.mp3|Tant Håkans program! Med Kringlan och Jossan!|http://sverigesradio.se/SR_p3_pangprego_091216041252.mp3|
1262091600|Pang Prego 2009-12-27 - Anders Eldemans program|pangprego-20091229-274.mp3|Anders Eldemans program med ett melodikryss. Om hur dålig Clabbe är på sitt DJ-jobb. Om hur det lät när Pang Prego spelade RISK. Med Krister kringlan Svensson och Josefin JAS Johansson|http://sverigesradio.se/SR_p3_pangprego_091229020035.mp3|
1262098800|Pang Prego 2009-12-21 - Isabelle Olssons program!|pangprego-20091229-275.mp3|Isabelle Olssons program! Och faktiskt hela Göteborgs program! När vi fick höra att Isabelle var från Göteborg, tgo vi nämligen första bästa tåg till Göteborg och sände därifrån. Väl där sjöng vi om Helge Skoog, pratade om Victor Jara och spelade Pictionary. Allt för att ni skulle tycka om oss. Programledare var Nanna och Kringlan.|http://sverigesradio.se/SR_p3_pangprego_091229040036.mp3|
1262102400|Pang Prego 2009-12-28 - Lillhjärnans program!|pangprego-20091229-276.mp3|Lillhjärnans program! Det här är källsorteringens Pang Prego. Här återvinns gamla kasserade idéer och får ett nytt skimmer. Eller? Saker du inte visste att du saknat kan vi kalla just det här programmet. Eller så kallar vi det för Lillhjärnans program.|http://sverigesradio.se/SR_p3_pangprego_091229050034.mp3|
1262703600|Pang Prego 2010-01-03 - Disa Kohlströms program!|pangprego-20100105-277.mp3|Disa Kohlströms program! Om låtar som blev för gamla redan medan dom skrevs. Peter den Stores märkliga förhållande till guldmynt. Extra bonus: Frisyr-kränk! Med Josefin Johansson och Kringlan Svensson!|http://sverigesradio.se/SR_p3_pangprego_100105040052.mp3|
1262707200|Pang Prego 2010-01-04 - Javier Bravos Pang Prego!|pangprego-20100105-278.mp3|Javier Bravos Pang Prego! Med Nanna och Jossan (och Kringlan och Sarah). Jossan plockar upp sin gamla "För likt..." ur papperskorgen. Kringlan skojar om kammarspel och så får vi en låt om oriktiga namn! Varsågoda och ät!|http://sverigesradio.se/SR_p3_pangprego_100105050036.mp3|
1264417200|Pang Prego 2010-01-10 - De som inte fått något programs program|pangprego-20100125-279.mp3|Text saknas|http://sverigesradio.se/SR_p3_pangprego_100125020633.mp3|
1241532000|Pang Prego 2009-05-03 - FEL Jon Kleppenes program!|pangprego-20090505-207.mp3|FEL ??? program! Där vi avhandlar GB-gumman, drar våra bästa kompostvitsar, föreställer oss en vanlig dag i en torskfiskares liv och lyssnar på 6:e delen av Rockbjörnens folk.|http://sverigesradio.se/SR_p3_pangprego_090505040052.mp3|
